{
	"name": "Chaos array factory",
	"description": "Makes lots of chaos...",
	"type": "UnitFactory",
	"unitType": "chaos-array",
	"size": 5,
	"produceTime": 1800,
	"maxSpawn": 4,
	"consumes": {
		"power": 4.5,
		"items": {
			"items": [
				{"item": "silicon", "amount": 250},
				{"item": "graphite", "amount": 400},
				{"item": "plastanium", "amount": 150}
			]
		}
	},
	"category": "units",
	"research": "fortress-factory",
	"requirements": [
		{ "item": "silicon", "amount": 700 },
		{ "item": "plastanium", "amount": 500 },
		{ "item": "surge-alloy", "amount": 450 },
		{ "item": "graphite", "amount": 3000 }
	]
}
