{
	"name": "Eruptor Factory",
	"description": "Makes Eruptor units.",
	"type": "UnitFactory",
	"unitType": "eruptor",
	"size": 3,
	"produceTime": 1200,
	"consumes": {
		"power": 1.5,
		"items": {
			"items": [
				{"item": "silicon", "amount": 10},
				{"item": "scrap", "amount": 25}
			]
		}
	},
	"category": "units",
	"research": "titan-factory",
	"requirements": [
		{ "item": "copper", "amount": 70 },
		{ "item": "lead", "amount": 40 },
		{ "item": "silicon", "amount": 40 },
		{ "item": "titanium", "amount": 20 }
	]
}
