{
	"name": "Lich docking port",
	"description": "Makes Lich units.",
	"type": "UnitFactory",
	"unitType": "lich",
	"size": 5,
	"produceTime": 3600,
	"maxSpawn": 3,
	"consumes": {
		"power": 10,
		"items": {
			"items": [
				{"item": "silicon", "amount": 200},
				{"item": "graphite", "amount": 500},
				{"item": "surge-alloy", "amount": 50}
			]
		}
	},
	"category": "units",
	"research": "revenant-factory",
	"requirements": [
		{ "item": "silicon", "amount": 1000 },
		{ "item": "titanium", "amount": 2000 },
		{ "item": "surge-alloy", "amount": 900 },
		{ "item": "graphite", "amount": 5000 }
	]
}
