{
	"name": "Reaper docking port",
	"description": "On this resources you can build a freaking empire! And you want to spend them for 1 unit, who will slain in 1 minute?!.",
	"type": "UnitFactory",
	"unitType": "reaper",
	"size": 8,
	"produceTime": 5400,
	"maxSpawn": 1,
	"consumes": {
		"power": 20,
		"items": {
			"items": [
				{"item": "surge-alloy", "amount": 1500},
				{"item": "silicon", "amount": 3000},
				{"item": "graphite", "amount": 2000},
				{"item": "titanium", "amount": 5000}
			]
		}
	},
	"category": "units",
	"research": "lich-factory",
	"requirements": [
		{ "item": "silicon", "amount": 2000 },
		{ "item": "titanium", "amount": 7000 },
		{ "item": "surge-alloy", "amount": 1000 },
		{ "item": "graphite", "amount": 6000 }
	]
}
